{
	"start":	{
		"connected":	[{
				"socket":	5,
				"local_host":	"192.168.10.2",
				"local_port":	60316,
				"remote_host":	"192.168.10.3",
				"remote_port":	5201
			}],
		"version":	"iperf 3.9",
		"system_info":	"Linux ubuntu 5.15.148-tegra #1 SMP PREEMPT Thu Sep 18 15:08:33 PDT 2025 aarch64",
		"timestamp":	{
			"time":	"Mon, 04 May 2026 13:22:39 GMT",
			"timesecs":	1777900959
		},
		"connecting_to":	{
			"host":	"192.168.10.3",
			"port":	5201
		},
		"cookie":	"t23yuh74l3gro6whxpd2vlm4dtmimzz2ipip",
		"sock_bufsize":	0,
		"sndbuf_actual":	212992,
		"rcvbuf_actual":	212992,
		"test_start":	{
			"protocol":	"UDP",
			"num_streams":	1,
			"blksize":	80,
			"omit":	0,
			"duration":	30,
			"bytes":	0,
			"blocks":	0,
			"reverse":	0,
			"tos":	0
		}
	},
	"intervals":	[{
			"streams":	[{
					"socket":	5,
					"start":	0,
					"end":	1.000063,
					"seconds":	1.0000629425048828,
					"bytes":	1280,
					"bits_per_second":	10239.355509315857,
					"packets":	16,
					"omitted":	false,
					"sender":	true
				}],
			"sum":	{
				"start":	0,
				"end":	1.000063,
				"seconds":	1.0000629425048828,
				"bytes":	1280,
				"bits_per_second":	10239.355509315857,
				"packets":	16,
				"omitted":	false,
				"sender":	true
			}
		}, {
			"streams":	[{
					"socket":	5,
					"start":	1.000063,
					"end":	2.000064,
					"seconds":	1.0000009536743164,
					"bytes":	1280,
					"bits_per_second":	10239.990234384313,
					"packets":	16,
					"omitted":	false,
					"sender":	true
				}],
			"sum":	{
				"start":	1.000063,
				"end":	2.000064,
				"seconds":	1.0000009536743164,
				"bytes":	1280,
				"bits_per_second":	10239.990234384313,
				"packets":	16,
				"omitted":	false,
				"sender":	true
			}
		}, {
			"streams":	[{
					"socket":	5,
					"start":	2.000064,
					"end":	3.000064,
					"seconds":	1,
					"bytes":	1200,
					"bits_per_second":	9600,
					"packets":	15,
					"omitted":	false,
					"sender":	true
				}],
			"sum":	{
				"start":	2.000064,
				"end":	3.000064,
				"seconds":	1,
				"bytes":	1200,
				"bits_per_second":	9600,
				"packets":	15,
				"omitted":	false,
				"sender":	true
			}
		}, {
			"streams":	[{
					"socket":	5,
					"start":	3.000064,
					"end":	4.000063,
					"seconds":	0.99999898672103882,
					"bytes":	1280,
					"bits_per_second":	10240.010375987076,
					"packets":	16,
					"omitted":	false,
					"sender":	true
				}],
			"sum":	{
				"start":	3.000064,
				"end":	4.000063,
				"seconds":	0.99999898672103882,
				"bytes":	1280,
				"bits_per_second":	10240.010375987076,
				"packets":	16,
				"omitted":	false,
				"sender":	true
			}
		}, {
			"streams":	[{
					"socket":	5,
					"start":	4.000063,
					"end":	5.000064,
					"seconds":	1.0000009536743164,
					"bytes":	1280,
					"bits_per_second":	10239.990234384313,
					"packets":	16,
					"omitted":	false,
					"sender":	true
				}],
			"sum":	{
				"start":	4.000063,
				"end":	5.000064,
				"seconds":	1.0000009536743164,
				"bytes":	1280,
				"bits_per_second":	10239.990234384313,
				"packets":	16,
				"omitted":	false,
				"sender":	true
			}
		}, {
			"streams":	[{
					"socket":	5,
					"start":	5.000064,
					"end":	6.000064,
					"seconds":	1,
					"bytes":	1200,
					"bits_per_second":	9600,
					"packets":	15,
					"omitted":	false,
					"sender":	true
				}],
			"sum":	{
				"start":	5.000064,
				"end":	6.000064,
				"seconds":	1,
				"bytes":	1200,
				"bits_per_second":	9600,
				"packets":	15,
				"omitted":	false,
				"sender":	true
			}
		}, {
			"streams":	[{
					"socket":	5,
					"start":	6.000064,
					"end":	7.000065,
					"seconds":	1.0000009536743164,
					"bytes":	1280,
					"bits_per_second":	10239.990234384313,
					"packets":	16,
					"omitted":	false,
					"sender":	true
				}],
			"sum":	{
				"start":	6.000064,
				"end":	7.000065,
				"seconds":	1.0000009536743164,
				"bytes":	1280,
				"bits_per_second":	10239.990234384313,
				"packets":	16,
				"omitted":	false,
				"sender":	true
			}
		}, {
			"streams":	[{
					"socket":	5,
					"start":	7.000065,
					"end":	8.000064,
					"seconds":	0.99999898672103882,
					"bytes":	1200,
					"bits_per_second":	9600.0097274878844,
					"packets":	15,
					"omitted":	false,
					"sender":	true
				}],
			"sum":	{
				"start":	7.000065,
				"end":	8.000064,
				"seconds":	0.99999898672103882,
				"bytes":	1200,
				"bits_per_second":	9600.0097274878844,
				"packets":	15,
				"omitted":	false,
				"sender":	true
			}
		}, {
			"streams":	[{
					"socket":	5,
					"start":	8.000064,
					"end":	9.000064,
					"seconds":	1,
					"bytes":	1280,
					"bits_per_second":	10240,
					"packets":	16,
					"omitted":	false,
					"sender":	true
				}],
			"sum":	{
				"start":	8.000064,
				"end":	9.000064,
				"seconds":	1,
				"bytes":	1280,
				"bits_per_second":	10240,
				"packets":	16,
				"omitted":	false,
				"sender":	true
			}
		}, {
			"streams":	[{
					"socket":	5,
					"start":	9.000064,
					"end":	10.000063,
					"seconds":	0.99999898672103882,
					"bytes":	1280,
					"bits_per_second":	10240.010375987076,
					"packets":	16,
					"omitted":	false,
					"sender":	true
				}],
			"sum":	{
				"start":	9.000064,
				"end":	10.000063,
				"seconds":	0.99999898672103882,
				"bytes":	1280,
				"bits_per_second":	10240.010375987076,
				"packets":	16,
				"omitted":	false,
				"sender":	true
			}
		}, {
			"streams":	[{
					"socket":	5,
					"start":	10.000063,
					"end":	11.000063,
					"seconds":	1,
					"bytes":	1200,
					"bits_per_second":	9600,
					"packets":	15,
					"omitted":	false,
					"sender":	true
				}],
			"sum":	{
				"start":	10.000063,
				"end":	11.000063,
				"seconds":	1,
				"bytes":	1200,
				"bits_per_second":	9600,
				"packets":	15,
				"omitted":	false,
				"sender":	true
			}
		}, {
			"streams":	[{
					"socket":	5,
					"start":	11.000063,
					"end":	12.000063,
					"seconds":	1,
					"bytes":	1280,
					"bits_per_second":	10240,
					"packets":	16,
					"omitted":	false,
					"sender":	true
				}],
			"sum":	{
				"start":	11.000063,
				"end":	12.000063,
				"seconds":	1,
				"bytes":	1280,
				"bits_per_second":	10240,
				"packets":	16,
				"omitted":	false,
				"sender":	true
			}
		}, {
			"streams":	[{
					"socket":	5,
					"start":	12.000063,
					"end":	13.000063,
					"seconds":	1,
					"bytes":	1280,
					"bits_per_second":	10240,
					"packets":	16,
					"omitted":	false,
					"sender":	true
				}],
			"sum":	{
				"start":	12.000063,
				"end":	13.000063,
				"seconds":	1,
				"bytes":	1280,
				"bits_per_second":	10240,
				"packets":	16,
				"omitted":	false,
				"sender":	true
			}
		}, {
			"streams":	[{
					"socket":	5,
					"start":	13.000063,
					"end":	14.000077,
					"seconds":	1.0000139474868774,
					"bytes":	1200,
					"bits_per_second":	9599.86610599346,
					"packets":	15,
					"omitted":	false,
					"sender":	true
				}],
			"sum":	{
				"start":	13.000063,
				"end":	14.000077,
				"seconds":	1.0000139474868774,
				"bytes":	1200,
				"bits_per_second":	9599.86610599346,
				"packets":	15,
				"omitted":	false,
				"sender":	true
			}
		}, {
			"streams":	[{
					"socket":	5,
					"start":	14.000077,
					"end":	15.000063,
					"seconds":	0.99998599290847778,
					"bytes":	1280,
					"bits_per_second":	10240.143434626289,
					"packets":	16,
					"omitted":	false,
					"sender":	true
				}],
			"sum":	{
				"start":	14.000077,
				"end":	15.000063,
				"seconds":	0.99998599290847778,
				"bytes":	1280,
				"bits_per_second":	10240.143434626289,
				"packets":	16,
				"omitted":	false,
				"sender":	true
			}
		}, {
			"streams":	[{
					"socket":	5,
					"start":	15.000063,
					"end":	16.000065,
					"seconds":	1.0000020265579224,
					"bytes":	1200,
					"bits_per_second":	9599.98054508337,
					"packets":	15,
					"omitted":	false,
					"sender":	true
				}],
			"sum":	{
				"start":	15.000063,
				"end":	16.000065,
				"seconds":	1.0000020265579224,
				"bytes":	1200,
				"bits_per_second":	9599.98054508337,