{
	"start":	{
		"connected":	[{
				"socket":	5,
				"local_host":	"192.168.10.2",
				"local_port":	51004,
				"remote_host":	"192.168.10.3",
				"remote_port":	5201
			}],
		"version":	"iperf 3.9",
		"system_info":	"Linux ubuntu 5.15.148-tegra #1 SMP PREEMPT Thu Sep 18 15:08:33 PDT 2025 aarch64",
		"timestamp":	{
			"time":	"Mon, 04 May 2026 13:21:49 GMT",
			"timesecs":	1777900909
		},
		"connecting_to":	{
			"host":	"192.168.10.3",
			"port":	5201
		},
		"cookie":	"6owa5srn4qbbvivzuk36n6xtwivhzm6izdiu",
		"sock_bufsize":	0,
		"sndbuf_actual":	212992,
		"rcvbuf_actual":	212992,
		"test_start":	{
			"protocol":	"UDP",
			"num_streams":	1,
			"blksize":	1408,
			"omit":	0,
			"duration":	30,
			"bytes":	0,
			"blocks":	0,
			"reverse":	0,
			"tos":	0
		}
	},
	"intervals":	[{
			"streams":	[{
					"socket":	5,
					"start":	0,
					"end":	1.000068,
					"seconds":	1.0000679492950439,
					"bytes":	750464,
					"bits_per_second":	6003304.07971985,
					"packets":	533,
					"omitted":	false,
					"sender":	true
				}],
			"sum":	{
				"start":	0,
				"end":	1.000068,
				"seconds":	1.0000679492950439,
				"bytes":	750464,
				"bits_per_second":	6003304.07971985,
				"packets":	533,
				"omitted":	false,
				"sender":	true
			}
		}, {
			"streams":	[{
					"socket":	5,
					"start":	1.000068,
					"end":	2.000064,
					"seconds":	0.9999960064888,
					"bytes":	749056,
					"bits_per_second":	5992471.9310037717,
					"packets":	532,
					"omitted":	false,
					"sender":	true
				}],
			"sum":	{
				"start":	1.000068,
				"end":	2.000064,
				"seconds":	0.9999960064888,
				"bytes":	749056,
				"bits_per_second":	5992471.9310037717,
				"packets":	532,
				"omitted":	false,
				"sender":	true
			}
		}, {
			"streams":	[{
					"socket":	5,
					"start":	2.000064,
					"end":	3.000068,
					"seconds":	1.0000040531158447,
					"bytes":	750464,
					"bits_per_second":	6003687.6663583927,
					"packets":	533,
					"omitted":	false,
					"sender":	true
				}],
			"sum":	{
				"start":	2.000064,
				"end":	3.000068,
				"seconds":	1.0000040531158447,
				"bytes":	750464,
				"bits_per_second":	6003687.6663583927,
				"packets":	533,
				"omitted":	false,
				"sender":	true
			}
		}, {
			"streams":	[{
					"socket":	5,
					"start":	3.000068,
					"end":	4.000068,
					"seconds":	1,
					"bytes":	750464,
					"bits_per_second":	6003712,
					"packets":	533,
					"omitted":	false,
					"sender":	true
				}],
			"sum":	{
				"start":	3.000068,
				"end":	4.000068,
				"seconds":	1,
				"bytes":	750464,
				"bits_per_second":	6003712,
				"packets":	533,
				"omitted":	false,
				"sender":	true
			}
		}, {
			"streams":	[{
					"socket":	5,
					"start":	4.000068,
					"end":	5.000065,
					"seconds":	0.99999701976776123,
					"bytes":	749056,
					"bits_per_second":	5992465.8589399429,
					"packets":	532,
					"omitted":	false,
					"sender":	true
				}],
			"sum":	{
				"start":	4.000068,
				"end":	5.000065,
				"seconds":	0.99999701976776123,
				"bytes":	749056,
				"bits_per_second":	5992465.8589399429,
				"packets":	532,
				"omitted":	false,
				"sender":	true
			}
		}, {
			"streams":	[{
					"socket":	5,
					"start":	5.000065,
					"end":	6.000068,
					"seconds":	1.0000029802322388,
					"bytes":	750464,
					"bits_per_second":	6003694.10759727,
					"packets":	533,
					"omitted":	false,
					"sender":	true
				}],
			"sum":	{
				"start":	5.000065,
				"end":	6.000068,
				"seconds":	1.0000029802322388,
				"bytes":	750464,
				"bits_per_second":	6003694.10759727,
				"packets":	533,
				"omitted":	false,
				"sender":	true
			}
		}, {
			"streams":	[{
					"socket":	5,
					"start":	6.000068,
					"end":	7.000063,
					"seconds":	0.999994993209839,
					"bytes":	750464,
					"bits_per_second":	6003742.0594766736,
					"packets":	533,
					"omitted":	false,
					"sender":	true
				}],
			"sum":	{
				"start":	6.000068,
				"end":	7.000063,
				"seconds":	0.999994993209839,
				"bytes":	750464,
				"bits_per_second":	6003742.0594766736,
				"packets":	533,
				"omitted":	false,
				"sender":	true
			}
		}, {
			"streams":	[{
					"socket":	5,
					"start":	7.000063,
					"end":	8.000065,
					"seconds":	1.0000020265579224,
					"bytes":	749056,
					"bits_per_second":	5992435.8559816414,
					"packets":	532,
					"omitted":	false,
					"sender":	true
				}],
			"sum":	{
				"start":	7.000063,
				"end":	8.000065,
				"seconds":	1.0000020265579224,
				"bytes":	749056,
				"bits_per_second":	5992435.8559816414,
				"packets":	532,
				"omitted":	false,
				"sender":	true
			}
		}, {
			"streams":	[{
					"socket":	5,
					"start":	8.000065,
					"end":	9.000064,
					"seconds":	0.99999898672103882,
					"bytes":	750464,
					"bits_per_second":	6003718.083441223,
					"packets":	533,
					"omitted":	false,
					"sender":	true
				}],
			"sum":	{
				"start":	8.000065,
				"end":	9.000064,
				"seconds":	0.99999898672103882,
				"bytes":	750464,
				"bits_per_second":	6003718.083441223,
				"packets":	533,
				"omitted":	false,
				"sender":	true
			}
		}, {
			"streams":	[{
					"socket":	5,
					"start":	9.000064,
					"end":	10.00007,
					"seconds":	1.0000059604644775,
					"bytes":	750464,
					"bits_per_second":	6003676.215301184,
					"packets":	533,
					"omitted":	false,
					"sender":	true
				}],
			"sum":	{
				"start":	9.000064,
				"end":	10.00007,
				"seconds":	1.0000059604644775,
				"bytes":	750464,
				"bits_per_second":	6003676.215301184,
				"packets":	533,
				"omitted":	false,
				"sender":	true
			}
		}, {
			"streams":	[{
					"socket":	5,
					"start":	10.00007,
					"end":	11.000064,
					"seconds":	0.99999397993087769,
					"bytes":	749056,
					"bits_per_second":	5992484.075168347,
					"packets":	532,
					"omitted":	false,
					"sender":	true
				}],
			"sum":	{
				"start":	10.00007,
				"end":	11.000064,
				"seconds":	0.99999397993087769,
				"bytes":	749056,
				"bits_per_second":	5992484.075168347,
				"packets":	532,
				"omitted":	false,
				"sender":	true
			}
		}, {
			"streams":	[{
					"socket":	5,
					"start":	11.000064,
					"end":	12.000065,
					"seconds":	1.0000009536743164,
					"bytes":	750464,
					"bits_per_second":	6003706.2744195228,
					"packets":	533,
					"omitted":	false,
					"sender":	true
				}],
			"sum":	{
				"start":	11.000064,
				"end":	12.000065,
				"seconds":	1.0000009536743164,
				"bytes":	750464,
				"bits_per_second":	6003706.2744195228,
				"packets":	533,
				"omitted":	false,
				"sender":	true
			}
		}, {
			"streams":	[{
					"socket":	5,
					"start":	12.000065,
					"end":	13.000068,
					"seconds":	1.0000029802322388,
					"bytes":	750464,
					"bits_per_second":	6003694.10759727,
					"packets":	533,
					"omitted":	false,
					"sender":	true
				}],
			"sum":	{
				"start":	12.000065,
				"end":	13.000068,
				"seconds":	1.0000029802322388,
				"bytes":	750464,
				"bits_per_second":	6003694.10759727,
				"packets":	533,
				"omitted":	false,
				"sender":	true
			}
		}, {
			"streams":	[{
					"socket":	5,
					"start":	13.000068,
					"end":	14.000059,
					"seconds":	0.999990999698639,
					"bytes":	749056,
					"bits_per_second":	5992501.9343233155,
					"packets":	532,
					"omitted":	false,
					"sender":	true
				}],
			"sum":	{
				"start":	13.000068,
				"end":	14.000059,
				"seconds":	0.999990999698639,
				"bytes":	749056,
				"bits_per_second":	5992501.9343233155,
				"packets":	532,
				"omitted":	false,
				"sender":	true
			}
		}, {
			"streams":	[{
					"socket":	5,
					"start":	14.000059,
					"end":	15.000065,
					"seconds":	1.0000059604644775,
					"bytes":	750464,
					"bits_per_second":	6003676.215301184,
					"packets":	533,
					"omitted":	false,
					"sender":	true
				}],
			"sum":	{
				"start":	14.000059,
				"end":	15.000065,
				"seconds":	1.0000059604644775,
				"bytes":	750464,
				"bits_per_second":	6003676.215301184,
				"packets":	533,
				"omitted":	false,
				"sender":	true
			}
		}, {
			"streams":	[{
					"socket":	5,